{
  "Europe/Andorra": "europe_andorra",
  "Asia/Dubai": "asia_dubai",
  "Asia/Kabul": "asia_kabul",
  "America/Antigua": "america_antigua",
  "America/Anguilla": "america_anguilla",
  "Europe/Tirane": "europe_tirane",
  "Asia/Yerevan": "asia_yerevan",
  "Africa/Luanda": "africa_luanda",
  "Antarctica/McMurdo": "antarctica_mcmurdo",
  "Antarctica/Casey": "antarctica_casey",
  "Antarctica/Davis": "antarctica_davis",
  "Antarctica/DumontDUrville": "antarctica_dumontdurville",
  "Antarctica/Mawson": "antarctica_mawson",
  "Antarctica/Palmer": "antarctica_palmer",
  "Antarctica/Rothera": "antarctica_rothera",
  "Antarctica/Syowa": "antarctica_syowa",
  "Antarctica/Troll": "antarctica_troll",
  "Antarctica/Vostok": "antarctica_vostok",
  "America/Argentina/Buenos_Aires": "america_argentina_buenos_aires",
  "America/Argentina/Cordoba": "america_argentina_cordoba",
  "America/Argentina/Salta": "america_argentina_salta",
  "America/Argentina/Jujuy": "america_argentina_jujuy",
  "America/Argentina/Tucuman": "america_argentina_tucuman",
  "America/Argentina/Catamarca": "america_argentina_catamarca",
  "America/Argentina/La_Rioja": "america_argentina_la_rioja",
  "America/Argentina/San_Juan": "america_argentina_san_juan",
  "America/Argentina/Mendoza": "america_argentina_mendoza",
  "America/Argentina/San_Luis": "america_argentina_san_luis",
  "America/Argentina/Rio_Gallegos": "america_argentina_rio_gallegos",
  "America/Argentina/Ushuaia": "america_argentina_ushuaia",
  "Pacific/Pago_Pago": "pacific_pago_pago",
  "Europe/Vienna": "europe_vienna",
  "Australia/Lord_Howe": "australia_lord_howe",
  "Antarctica/Macquarie": "antarctica_macquarie",
  "Australia/Hobart": "australia_hobart",
  "Australia/Currie": "australia_currie",
  "Australia/Melbourne": "australia_melbourne",
  "Australia/Sydney": "australia_sydney",
  "Australia/Broken_Hill": "australia_broken_hill",
  "Australia/Brisbane": "australia_brisbane",
  "Australia/Lindeman": "australia_lindeman",
  "Australia/Adelaide": "australia_adelaide",
  "Australia/Darwin": "australia_darwin",
  "Australia/Perth": "australia_perth",
  "Australia/Eucla": "australia_eucla",
  "America/Aruba": "america_aruba",
  "Europe/Mariehamn": "europe_mariehamn",
  "Asia/Baku": "asia_baku",
  "Europe/Sarajevo": "europe_sarajevo",
  "America/Barbados": "america_barbados",
  "Asia/Dhaka": "asia_dhaka",
  "Europe/Brussels": "europe_brussels",
  "Africa/Ouagadougou": "africa_ouagadougou",
  "Europe/Sofia": "europe_sofia",
  "Asia/Bahrain": "asia_bahrain",
  "Africa/Bujumbura": "africa_bujumbura",
  "Africa/Porto-Novo": "africa_porto-novo",
  "America/St_Barthelemy": "america_st_barthelemy",
  "Atlantic/Bermuda": "atlantic_bermuda",
  "Asia/Brunei": "asia_brunei",
  "America/La_Paz": "america_la_paz",
  "America/Kralendijk": "america_kralendijk",
  "America/Noronha": "america_noronha",
  "America/Belem": "america_belem",
  "America/Fortaleza": "america_fortaleza",
  "America/Recife": "america_recife",
  "America/Araguaina": "america_araguaina",
  "America/Maceio": "america_maceio",
  "America/Bahia": "america_bahia",
  "America/Sao_Paulo": "america_sao_paulo",
  "America/Campo_Grande": "america_campo_grande",
  "America/Cuiaba": "america_cuiaba",
  "America/Santarem": "america_santarem",
  "America/Porto_Velho": "america_porto_velho",
  "America/Boa_Vista": "america_boa_vista",
  "America/Manaus": "america_manaus",
  "America/Eirunepe": "america_eirunepe",
  "America/Rio_Branco": "america_rio_branco",
  "America/Nassau": "america_nassau",
  "Asia/Thimphu": "asia_thimphu",
  "Africa/Gaborone": "africa_gaborone",
  "Europe/Minsk": "europe_minsk",
  "America/Belize": "america_belize",
  "America/St_Johns": "america_st_johns",
  "America/Halifax": "america_halifax",
  "America/Glace_Bay": "america_glace_bay",
  "America/Moncton": "america_moncton",
  "America/Goose_Bay": "america_goose_bay",
  "America/Blanc-Sablon": "america_blanc-sablon",
  "America/Toronto": "america_toronto",
  "America/Nipigon": "america_nipigon",
  "America/Thunder_Bay": "america_thunder_bay",
  "America/Iqaluit": "america_iqaluit",
  "America/Pangnirtung": "america_pangnirtung",
  "America/Atikokan": "america_atikokan",
  "America/Winnipeg": "america_winnipeg",
  "America/Rainy_River": "america_rainy_river",
  "America/Resolute": "america_resolute",
  "America/Rankin_Inlet": "america_rankin_inlet",
  "America/Regina": "america_regina",
  "America/Swift_Current": "america_swift_current",
  "America/Edmonton": "america_edmonton",
  "America/Cambridge_Bay": "america_cambridge_bay",
  "America/Yellowknife": "america_yellowknife",
  "America/Inuvik": "america_inuvik",
  "America/Creston": "america_creston",
  "America/Dawson_Creek": "america_dawson_creek",
  "America/Fort_Nelson": "america_fort_nelson",
  "America/Vancouver": "america_vancouver",
  "America/Whitehorse": "america_whitehorse",
  "America/Dawson": "america_dawson",
  "Indian/Cocos": "indian_cocos",
  "Africa/Kinshasa": "africa_kinshasa",
  "Africa/Lubumbashi": "africa_lubumbashi",
  "Africa/Bangui": "africa_bangui",
  "Africa/Brazzaville": "africa_brazzaville",
  "Europe/Zurich": "europe_zurich",
  "Africa/Abidjan": "africa_abidjan",
  "Pacific/Rarotonga": "pacific_rarotonga",
  "America/Santiago": "america_santiago",
  "America/Punta_Arenas": "america_punta_arenas",
  "Pacific/Easter": "pacific_easter",
  "Africa/Douala": "africa_douala",
  "Asia/Shanghai": "asia_shanghai",
  "Asia/Urumqi": "asia_urumqi",
  "America/Bogota": "america_bogota",
  "America/Costa_Rica": "america_costa_rica",
  "America/Havana": "america_havana",
  "Atlantic/Cape_Verde": "atlantic_cape_verde",
  "America/Curacao": "america_curacao",
  "Indian/Christmas": "indian_christmas",
  "Asia/Nicosia": "asia_nicosia",
  "Asia/Famagusta": "asia_famagusta",
  "Europe/Prague": "europe_prague",
  "Europe/Berlin": "europe_berlin",
  "Europe/Busingen": "europe_busingen",
  "Africa/Djibouti": "africa_djibouti",
  "Europe/Copenhagen": "europe_copenhagen",
  "America/Dominica": "america_dominica",
  "America/Santo_Domingo": "america_santo_domingo",
  "Africa/Algiers": "africa_algiers",
  "America/Guayaquil": "america_guayaquil",
  "Pacific/Galapagos": "pacific_galapagos",
  "Europe/Tallinn": "europe_tallinn",
  "Africa/Cairo": "africa_cairo",
  "Africa/El_Aaiun": "africa_el_aaiun",
  "Africa/Asmara": "africa_asmara",
  "Europe/Madrid": "europe_madrid",
  "Africa/Ceuta": "africa_ceuta",
  "Atlantic/Canary": "atlantic_canary",
  "Africa/Addis_Ababa": "africa_addis_ababa",
  "Europe/Helsinki": "europe_helsinki",
  "Pacific/Fiji": "pacific_fiji",
  "Atlantic/Stanley": "atlantic_stanley",
  "Pacific/Chuuk": "pacific_chuuk",
  "Pacific/Pohnpei": "pacific_pohnpei",
  "Pacific/Kosrae": "pacific_kosrae",
  "Atlantic/Faroe": "atlantic_faroe",
  "Europe/Paris": "europe_paris",
  "Africa/Libreville": "africa_libreville",
  "Europe/London": "europe_london",
  "America/Grenada": "america_grenada",
  "Asia/Tbilisi": "asia_tbilisi",
  "America/Cayenne": "america_cayenne",
  "Europe/Guernsey": "europe_guernsey",
  "Africa/Accra": "africa_accra",
  "Europe/Gibraltar": "europe_gibraltar",
  "America/Nuuk": "america_nuuk",
  "America/Danmarkshavn": "america_danmarkshavn",
  "America/Scoresbysund": "america_scoresbysund",
  "America/Thule": "america_thule",
  "Africa/Banjul": "africa_banjul",
  "Africa/Conakry": "africa_conakry",
  "America/Guadeloupe": "america_guadeloupe",
  "Africa/Malabo": "africa_malabo",
  "Europe/Athens": "europe_athens",
  "Atlantic/South_Georgia": "atlantic_south_georgia",
  "America/Guatemala": "america_guatemala",
  "Pacific/Guam": "pacific_guam",
  "Africa/Bissau": "africa_bissau",
  "America/Guyana": "america_guyana",
  "Asia/Hong_Kong": "asia_hong_kong",
  "America/Tegucigalpa": "america_tegucigalpa",
  "Europe/Zagreb": "europe_zagreb",
  "America/Port-au-Prince": "america_port-au-prince",
  "Europe/Budapest": "europe_budapest",
  "Asia/Jakarta": "asia_jakarta",
  "Asia/Pontianak": "asia_pontianak",
  "Asia/Makassar": "asia_makassar",
  "Asia/Jayapura": "asia_jayapura",
  "Europe/Dublin": "europe_dublin",
  "Asia/Jerusalem": "asia_jerusalem",
  "Europe/Isle_of_Man": "europe_isle_of_man",
  "Asia/Kolkata": "asia_kolkata",
  "Indian/Chagos": "indian_chagos",
  "Asia/Baghdad": "asia_baghdad",
  "Asia/Tehran": "asia_tehran",
  "Atlantic/Reykjavik": "atlantic_reykjavik",
  "Europe/Rome": "europe_rome",
  "Europe/Jersey": "europe_jersey",
  "America/Jamaica": "america_jamaica",
  "Asia/Amman": "asia_amman",
  "Asia/Tokyo": "asia_tokyo",
  "Africa/Nairobi": "africa_nairobi",
  "Asia/Bishkek": "asia_bishkek",
  "Asia/Phnom_Penh": "asia_phnom_penh",
  "Pacific/Tarawa": "pacific_tarawa",
  "Pacific/Enderbury": "pacific_enderbury",
  "Pacific/Kiritimati": "pacific_kiritimati",
  "Indian/Comoro": "indian_comoro",
  "America/St_Kitts": "america_st_kitts",
  "Asia/Pyongyang": "asia_pyongyang",
  "Asia/Seoul": "asia_seoul",
  "Asia/Kuwait": "asia_kuwait",
  "America/Cayman": "america_cayman",
  "Asia/Almaty": "asia_almaty",
  "Asia/Qyzylorda": "asia_qyzylorda",
  "Asia/Qostanay": "asia_qostanay",
  "Asia/Aqtobe": "asia_aqtobe",
  "Asia/Aqtau": "asia_aqtau",
  "Asia/Atyrau": "asia_atyrau",
  "Asia/Oral": "asia_oral",
  "Asia/Vientiane": "asia_vientiane",
  "Asia/Beirut": "asia_beirut",
  "America/St_Lucia": "america_st_lucia",
  "Europe/Vaduz": "europe_vaduz",
  "Asia/Colombo": "asia_colombo",
  "Africa/Monrovia": "africa_monrovia",
  "Africa/Maseru": "africa_maseru",
  "Europe/Vilnius": "europe_vilnius",
  "Europe/Luxembourg": "europe_luxembourg",
  "Europe/Riga": "europe_riga",
  "Africa/Tripoli": "africa_tripoli",
  "Africa/Casablanca": "africa_casablanca",
  "Europe/Monaco": "europe_monaco",
  "Europe/Chisinau": "europe_chisinau",
  "Europe/Podgorica": "europe_podgorica",
  "America/Marigot": "america_marigot",
  "Indian/Antananarivo": "indian_antananarivo",
  "Pacific/Majuro": "pacific_majuro",
  "Pacific/Kwajalein": "pacific_kwajalein",
  "Europe/Skopje": "europe_skopje",
  "Africa/Bamako": "africa_bamako",
  "Asia/Yangon": "asia_yangon",
  "Asia/Ulaanbaatar": "asia_ulaanbaatar",
  "Asia/Hovd": "asia_hovd",
  "Asia/Choibalsan": "asia_choibalsan",
  "Asia/Macau": "asia_macau",
  "Pacific/Saipan": "pacific_saipan",
  "America/Martinique": "america_martinique",
  "Africa/Nouakchott": "africa_nouakchott",
  "America/Montserrat": "america_montserrat",
  "Europe/Malta": "europe_malta",
  "Indian/Mauritius": "indian_mauritius",
  "Indian/Maldives": "indian_maldives",
  "Africa/Blantyre": "africa_blantyre",
  "America/Mexico_City": "america_mexico_city",
  "America/Cancun": "america_cancun",
  "America/Merida": "america_merida",
  "America/Monterrey": "america_monterrey",
  "America/Matamoros": "america_matamoros",
  "America/Mazatlan": "america_mazatlan",
  "America/Chihuahua": "america_chihuahua",
  "America/Ojinaga": "america_ojinaga",
  "America/Hermosillo": "america_hermosillo",
  "America/Tijuana": "america_tijuana",
  "America/Bahia_Banderas": "america_bahia_banderas",
  "Asia/Kuala_Lumpur": "asia_kuala_lumpur",
  "Asia/Kuching": "asia_kuching",
  "Africa/Maputo": "africa_maputo",
  "Africa/Windhoek": "africa_windhoek",
  "Pacific/Noumea": "pacific_noumea",
  "Africa/Niamey": "africa_niamey",
  "Pacific/Norfolk": "pacific_norfolk",
  "Africa/Lagos": "africa_lagos",
  "America/Managua": "america_managua",
  "Europe/Amsterdam": "europe_amsterdam",
  "Europe/Oslo": "europe_oslo",
  "Asia/Kathmandu": "asia_kathmandu",
  "Pacific/Nauru": "pacific_nauru",
  "Pacific/Niue": "pacific_niue",
  "Pacific/Auckland": "pacific_auckland",
  "Pacific/Chatham": "pacific_chatham",
  "Asia/Muscat": "asia_muscat",
  "America/Panama": "america_panama",
  "America/Lima": "america_lima",
  "Pacific/Tahiti": "pacific_tahiti",
  "Pacific/Marquesas": "pacific_marquesas",
  "Pacific/Gambier": "pacific_gambier",
  "Pacific/Port_Moresby": "pacific_port_moresby",
  "Pacific/Bougainville": "pacific_bougainville",
  "Asia/Manila": "asia_manila",
  "Asia/Karachi": "asia_karachi",
  "Europe/Warsaw": "europe_warsaw",
  "America/Miquelon": "america_miquelon",
  "Pacific/Pitcairn": "pacific_pitcairn",
  "America/Puerto_Rico": "america_puerto_rico",
  "Asia/Gaza": "asia_gaza",
  "Asia/Hebron": "asia_hebron",
  "Europe/Lisbon": "europe_lisbon",
  "Atlantic/Madeira": "atlantic_madeira",
  "Atlantic/Azores": "atlantic_azores",
  "Pacific/Palau": "pacific_palau",
  "America/Asuncion": "america_asuncion",
  "Asia/Qatar": "asia_qatar",
  "Indian/Reunion": "indian_reunion",
  "Europe/Bucharest": "europe_bucharest",
  "Europe/Belgrade": "europe_belgrade",
  "Europe/Kaliningrad": "europe_kaliningrad",
  "Europe/Moscow": "europe_moscow",
  "Europe/Simferopol": "europe_simferopol",
  "Europe/Kirov": "europe_kirov",
  "Europe/Astrakhan": "europe_astrakhan",
  "Europe/Volgograd": "europe_volgograd",
  "Europe/Saratov": "europe_saratov",
  "Europe/Ulyanovsk": "europe_ulyanovsk",
  "Europe/Samara": "europe_samara",
  "Asia/Yekaterinburg": "asia_yekaterinburg",
  "Asia/Omsk": "asia_omsk",
  "Asia/Novosibirsk": "asia_novosibirsk",
  "Asia/Barnaul": "asia_barnaul",
  "Asia/Tomsk": "asia_tomsk",
  "Asia/Novokuznetsk": "asia_novokuznetsk",
  "Asia/Krasnoyarsk": "asia_krasnoyarsk",
  "Asia/Irkutsk": "asia_irkutsk",
  "Asia/Chita": "asia_chita",
  "Asia/Yakutsk": "asia_yakutsk",
  "Asia/Khandyga": "asia_khandyga",
  "Asia/Vladivostok": "asia_vladivostok",
  "Asia/Ust-Nera": "asia_ust-nera",
  "Asia/Magadan": "asia_magadan",
  "Asia/Sakhalin": "asia_sakhalin",
  "Asia/Srednekolymsk": "asia_srednekolymsk",
  "Asia/Kamchatka": "asia_kamchatka",
  "Asia/Anadyr": "asia_anadyr",
  "Africa/Kigali": "africa_kigali",
  "Asia/Riyadh": "asia_riyadh",
  "Pacific/Guadalcanal": "pacific_guadalcanal",
  "Indian/Mahe": "indian_mahe",
  "Africa/Khartoum": "africa_khartoum",
  "Europe/Stockholm": "europe_stockholm",
  "Asia/Singapore": "asia_singapore",
  "Atlantic/St_Helena": "atlantic_st_helena",
  "Europe/Ljubljana": "europe_ljubljana",
  "Arctic/Longyearbyen": "arctic_longyearbyen",
  "Europe/Bratislava": "europe_bratislava",
  "Africa/Freetown": "africa_freetown",
  "Europe/San_Marino": "europe_san_marino",
  "Africa/Dakar": "africa_dakar",
  "Africa/Mogadishu": "africa_mogadishu",
  "America/Paramaribo": "america_paramaribo",
  "Africa/Juba": "africa_juba",
  "Africa/Sao_Tome": "africa_sao_tome",
  "America/El_Salvador": "america_el_salvador",
  "America/Lower_Princes": "america_lower_princes",
  "Asia/Damascus": "asia_damascus",
  "Africa/Mbabane": "africa_mbabane",
  "America/Grand_Turk": "america_grand_turk",
  "Africa/Ndjamena": "africa_ndjamena",
  "Indian/Kerguelen": "indian_kerguelen",
  "Africa/Lome": "africa_lome",
  "Asia/Bangkok": "asia_bangkok",
  "Asia/Dushanbe": "asia_dushanbe",
  "Pacific/Fakaofo": "pacific_fakaofo",
  "Asia/Dili": "asia_dili",
  "Asia/Ashgabat": "asia_ashgabat",
  "Africa/Tunis": "africa_tunis",
  "Pacific/Tongatapu": "pacific_tongatapu",
  "Europe/Istanbul": "europe_istanbul",
  "America/Port_of_Spain": "america_port_of_spain",
  "Pacific/Funafuti": "pacific_funafuti",
  "Asia/Taipei": "asia_taipei",
  "Africa/Dar_es_Salaam": "africa_dar_es_salaam",
  "Europe/Kiev": "europe_kiev",
  "Europe/Uzhgorod": "europe_uzhgorod",
  "Europe/Zaporozhye": "europe_zaporozhye",
  "Africa/Kampala": "africa_kampala",
  "Pacific/Midway": "pacific_midway",
  "Pacific/Wake": "pacific_wake",
  "America/New_York": "america_new_york",
  "America/Detroit": "america_detroit",
  "America/Kentucky/Louisville": "america_kentucky_louisville",
  "America/Kentucky/Monticello": "america_kentucky_monticello",
  "America/Indiana/Indianapolis": "america_indiana_indianapolis",
  "America/Indiana/Vincennes": "america_indiana_vincennes",
  "America/Indiana/Winamac": "america_indiana_winamac",
  "America/Indiana/Marengo": "america_indiana_marengo",
  "America/Indiana/Petersburg": "america_indiana_petersburg",
  "America/Indiana/Vevay": "america_indiana_vevay",
  "America/Chicago": "america_chicago",
  "America/Indiana/Tell_City": "america_indiana_tell_city",
  "America/Indiana/Knox": "america_indiana_knox",
  "America/Menominee": "america_menominee",
  "America/North_Dakota/Center": "america_north_dakota_center",
  "America/North_Dakota/New_Salem": "america_north_dakota_new_salem",
  "America/North_Dakota/Beulah": "america_north_dakota_beulah",
  "America/Denver": "america_denver",
  "America/Boise": "america_boise",
  "America/Phoenix": "america_phoenix",
  "America/Los_Angeles": "america_los_angeles",
  "America/Anchorage": "america_anchorage",
  "America/Juneau": "america_juneau",
  "America/Sitka": "america_sitka",
  "America/Metlakatla": "america_metlakatla",
  "America/Yakutat": "america_yakutat",
  "America/Nome": "america_nome",
  "America/Adak": "america_adak",
  "Pacific/Honolulu": "pacific_honolulu",
  "America/Montevideo": "america_montevideo",
  "Asia/Samarkand": "asia_samarkand",
  "Asia/Tashkent": "asia_tashkent",
  "Europe/Vatican": "europe_vatican",
  "America/St_Vincent": "america_st_vincent",
  "America/Caracas": "america_caracas",
  "America/Tortola": "america_tortola",
  "America/St_Thomas": "america_st_thomas",
  "Asia/Ho_Chi_Minh": "asia_ho_chi_minh",
  "Pacific/Efate": "pacific_efate",
  "Pacific/Wallis": "pacific_wallis",
  "Pacific/Apia": "pacific_apia",
  "Asia/Aden": "asia_aden",
  "Indian/Mayotte": "indian_mayotte",
  "Africa/Johannesburg": "africa_johannesburg",
  "Africa/Lusaka": "africa_lusaka",
  "Africa/Harare": "africa_harare"
}